voterID,idealPoint,idealPointL95,idealPointU95,name,justice,interest
1,-.56771219,-.67015201,-.48256001,HLBlack,1,0
2,.53880751,.34412101,.736718,SFReed,1,0
3,.49073979,.378456,.59839201,FFrankfurter,1,0
4,-1.2664902,-1.47638,-1.098624,WODouglas,1,0
5,.45168981,.078497998,.86204398,RHJackson,1,0
6,.5619182,.41773301,.70410699,HHBurton,1,0
7,.1347498,.056603,.20463599,TCClark,1,0
8,.39399779,.20838501,.58087099,SMinton,1,0
9,-.55128628,-.65710598,-.464798,EWarren,1,0
10,.5897904,.49291199,.67763102,JHarlan2,1,0
11,-.51152468,-.58068901,-.45381299,WJBrennan,1,0
12,.51906562,.391482,.647654,CEWhittaker,1,0
13,.19811431,.138035,.250817,PStewart,1,0
14,.18545181,.13368,.23053201,BRWhite,1,0
15,-.4797436,-.65932,-.32130799,AJGoldberg,1,0
16,-.6518836,-.852557,-.4813,AFortas,1,0
17,-.55645639,-.62932301,-.49349499,TMarshall,1,0
18,.51139981,.443672,.57577401,WEBurger,1,0
19,.0162421,-.035767999,.060713999,HABlackmun,1,0
20,.335985,.27523699,.39173999,LFPowell,1,0
21,.63908792,.58184099,.69555098,WHRehnquist,1,0
22,-.1627444,-.21251599,-.119639,JPStevens,1,0
23,.34789011,.29535601,.397531,SDOConnor,1,0
24,.54955733,.490329,.60869598,AScalia,1,0
25,.36982191,.31448099,.42381999,AMKennedy,1,0
26,-.001563,-.056887001,.050172001,DHSouter,1,0
27,.62367243,.55686098,.69161499,CThomas,1,0
28,-.093009099,-.15073299,-.038864002,RBGinsburg,1,0
29,-.0238345,-.081003003,.030929999,SGBreyer,1,0
30,.55435109,.459732,.65382302,JGRoberts,1,0
31,.6361503,.53442901,.74386603,SAAlito,1,0
32,-.062867299,-.16851801,.041017,SSotomayor,1,0
33,-.030778199,-.152382,.088384002,EKagan,1,0
1022,-.058040701,-.27376899,.15149599,3M CO.,0,1
1032,-1.3726493,-1.7746201,-1.036641,"9TO5, NATIONAL ASSOCIATION OF WORKING WOMEN",0,1
1056,-.53304058,-.62834197,-.450023,AARP,0,1
1074,.55514342,.267923,.872859,"ABRAHAM LINCOLN FOUNDATION FOR PUBLIC POLICY RESEARCH, INC.",0,1
1110,-.42095861,-.63665003,-.22652,ACLU FOUNDATION OF SOUTHERN CALIFORNIA,0,1
1121,-.59272802,-.85138601,-.35297701,ACLU OF ARIZONA,0,1
1128,-.35669059,-.54841101,-.175193,ACLU OF FLORIDA,0,1
1129,-.65901983,-.93777198,-.42159599,ACLU OF GEORGIA,0,1
1132,-.50137162,-.66733003,-.34244001,ACLU OF ILLINOIS,0,1
1141,-.41683829,-.59612203,-.25255501,ACLU OF MASSACHUSETTS,0,1
1143,-.37707981,-.571531,-.19481599,ACLU OF MINNESOTA,0,1
1147,-.34815449,-.57265598,-.143539,ACLU OF NEW JERSEY,0,1
1150,-.6562103,-.84024602,-.50230902,ACLU OF NORTHERN CALIFORNIA,0,1
1151,-.3322441,-.51013798,-.16071001,ACLU OF OHIO,0,1
1156,-.63741398,-.85375601,-.437249,ACLU OF PENNSYLVANIA,0,1
1160,-.52026832,-.68392199,-.36809599,ACLU OF SOUTHERN CALIFORNIA,0,1
1162,-.4711698,-.68408102,-.27720901,ACLU OF TEXAS,0,1
1163,-.3202042,-.52785498,-.123777,ACLU OF THE NATION'S CAPITAL,0,1
1165,-.46812519,-.66729897,-.28701401,ACLU OF VIRGINIA,0,1
1166,-.49552751,-.67465699,-.33104199,ACLU OF WASHINGTON,0,1
1208,-.0770813,-.274028,.116477,"ADVANCE PUBLICATIONS, INC.",0,1
1316,.6060583,.37266001,.85140502,AGUDATH ISRAEL OF AMERICA,0,1
1372,.17777041,.012259,.35043001,AIRLINES FOR AMERICA,0,1
1578,.2240622,.035027001,.42859101,ALLIANCE DEFENDING FREEDOM,0,1
1608,.1891391,.048427001,.33442,ALLIANCE OF AMERICAN INSURERS,0,1
1609,.41501799,.15281899,.71824402,ALLIANCE OF AUTOMOBILE MANUFACTURERS,0,1
1625,.3909471,.30106899,.48206201,ALLIED EDUCATIONAL FOUNDATION,0,1
1635,.1086846,-.134038,.359265,ALLSTATE INSURANCE CO.,0,1
1703,-.75973338,-1.037758,-.51797199,AMERICAN ACADEMY OF CHILD AND ADOLESCENT PSYCHIATRY,0,1
1706,-.447945,-.66242898,-.25225401,AMERICAN ACADEMY OF FAMILY PHYSICIANS,0,1
1716,-.63311541,-.84155101,-.44254699,AMERICAN ACADEMY OF PEDIATRICS,0,1
1721,-.50522429,-.73775297,-.28572899,AMERICAN ACADEMY OF PSYCHIATRY AND THE LAW,0,1
1724,-.048941199,-.241451,.148699,AMERICAN ADVERTISING FEDERATION,0,1
1726,.010649,-.18906,.21110199,"AMERICAN AIRLINES, INC.",0,1
1732,-.2367588,-.41681901,-.069004998,AMERICAN ANTITRUST INSTITUTE,0,1
1741,-.383284,-.47811899,-.29929799,AMERICAN ASSOCIATION FOR JUSTICE,0,1
1754,.00026870001,-.179066,.187043,AMERICAN ASSOCIATION OF ADVERTISING AGENCIES,0,1
1767,-.081713296,-.28727299,.124593,AMERICAN ASSOCIATION OF COMMUNITY COLLEGES,0,1
1783,-.75465453,-1.047094,-.5011,AMERICAN ASSOCIATION OF PEOPLE WITH DISABILITIES,0,1
1792,-.1157313,-.24527401,.0075690001,AMERICAN ASSOCIATION OF SCHOOL ADMINISTRATORS,0,1
1796,-.0059913001,-.183971,.171902,AMERICAN ASSOCIATION OF STATE COLLEGES AND UNIVERSITIES,0,1
1802,-.6602453,-.82085901,-.50404698,AMERICAN ASSOCIATION OF UNIVERSITY PROFESSORS,0,1
1803,-2.4990914,-2.981663,-2.0499899,AMERICAN ASSOCIATION OF UNIVERSITY WOMEN,0,1
1808,-.58343959,-.78495401,-.40169799,AMERICAN ASSOCIATION ON INTELLECTUAL AND DEVELOPMENTAL DISABILITIES,0,1
1810,-.76123512,-1.100523,-.472956,AMERICAN ATHEISTS,0,1
1813,.122726,-.024193,.27127701,AMERICAN AUTOMOBILE MANUFACTURERS ASSOCIATION,0,1
1816,.1273289,.019121001,.235664,AMERICAN BANKERS ASSOCIATION,0,1
1820,-.39892989,-.48921099,-.31504801,AMERICAN BAR ASSOCIATION,0,1
1823,.25887489,.057308,.47657701,AMERICAN BENEFITS COUNCIL,0,1
1837,-.305439,-.50246602,-.118289,AMERICAN BOOKSELLERS ASSOCIATION,0,1
1838,-.26788521,-.469814,-.076727003,AMERICAN BOOKSELLERS FOUNDATION FOR FREE EXPRESSION,0,1
1839,-.046822801,-.231328,.138795,"AMERICAN BROADCASTING COMPANIES, INC.",0,1
1848,-.43310589,-.67715597,-.201132,AMERICAN CANCER SOCIETY,0,1
1859,.52088779,.379605,.67173302,AMERICAN CENTER FOR LAW AND JUSTICE,0,1
1865,.1994247,.063406996,.33856401,AMERICAN CHEMISTRY COUNCIL,0,1
1873,-.71019143,-.78861099,-.64500701,AMERICAN CIVIL LIBERTIES UNION,0,1
1874,-.53957969,-.69378197,-.39763999,AMERICAN CIVIL LIBERTIES UNION FOUNDATION,0,1
1878,.88795841,.60966498,1.201398,AMERICAN CIVIL RIGHTS UNION,0,1
1882,-.66377819,-1.033196,-.335659,AMERICAN COALITION OF CITIZENS WITH DISABILITIES,0,1
1916,-.95895821,-1.285373,-.68845201,AMERICAN CONGRESS OF OBSTETRICIANS AND GYNECOLOGISTS,0,1
1931,.22062489,.087104999,.358367,AMERICAN COUNCIL OF LIFE INSURERS,0,1
1932,-.67427909,-.92788398,-.46231401,AMERICAN COUNCIL OF THE BLIND,0,1
1934,.065171003,-.060871001,.19072901,AMERICAN COUNCIL ON EDUCATION,0,1
1944,-.6922397,-.96158898,-.456204,AMERICAN DIABETES ASSOCIATION,0,1
1958,-.9094106,-1.145013,-.68570799,AMERICAN ETHICAL UNION,0,1
1966,.1785357,.048709001,.309443,AMERICAN FARM BUREAU FEDERATION,0,1
1969,-.36131129,-.53681397,-.20551699,AMERICAN FEDERATION OF GOVERNMENT EMPLOYEES,0,1
1973,-.2442338,-.30910301,-.182358,AMERICAN FEDERATION OF LABOR AND CONGRESS OF INDUSTRIAL ORGANIZATIONS,0,1
1976,-.66943133,-.85397601,-.49392599,"AMERICAN FEDERATION OF STATE, COUNTY AND MUNICIPAL EMPLOYEES",0,1
1982,-.45717159,-.618577,-.30507201,AMERICAN FEDERATION OF TEACHERS,0,1
1983,-.1278401,-.34662899,.091960996,AMERICAN FEDERATION OF TELEVISION AND RADIO ARTISTS,0,1
1986,.27618939,.082879998,.48552799,AMERICAN FINANCIAL SERVICES ASSOCIATION,0,1
1990,.26737911,.043113001,.51075703,AMERICAN FOREST & PAPER ASSOCIATION,0,1
2000,-.84650201,-1.055317,-.65245402,AMERICAN FRIENDS SERVICE COMMITTEE,0,1
2018,.1150482,-.064072996,.29878101,AMERICAN HEALTH CARE ASSOCIATION,0,1
2019,-.3996143,-.63735098,-.175034,AMERICAN HEART ASSOCIATION,0,1
2032,.052257799,-.075773999,.18405101,AMERICAN HOSPITAL ASSOCIATION,0,1
2036,-1.3623692,-1.667968,-1.065771,AMERICAN HUMANIST ASSOCIATION,0,1
2041,-.55063379,-.70671898,-.40281799,AMERICAN IMMIGRATION LAWYERS ASSOCIATION,0,1
2058,.1741097,-.0021500001,.36133701,AMERICAN INSTITUTE OF CERTIFIED PUBLIC ACCOUNTANTS,0,1
2066,.2129876,.089833997,.33404699,AMERICAN INSURANCE ASSOCIATION,0,1
2067,.061832599,-.059854001,.18296599,AMERICAN INTELLECTUAL PROPERTY LAW ASSOCIATION,0,1
2072,.2462769,.033335,.47775301,AMERICAN IRON AND STEEL INSTITUTE,0,1
2077,-.75399047,-.86803597,-.65056199,AMERICAN JEWISH COMMITTEE,0,1
2080,-.60440022,-.70392197,-.51256198,AMERICAN JEWISH CONGRESS,0,1
2089,.120078,-.076127,.32662299,AMERICAN LAND TITLE ASSOCIATION,0,1
2097,.28114119,.096611001,.477833,AMERICAN LEGION,0,1
2101,-.2450006,-.412341,-.085268997,AMERICAN LIBRARY ASSOCIATION,0,1
2109,-.38684469,-.60897499,-.17526799,AMERICAN LUNG ASSOCIATION,0,1
2114,-.2597546,-.37270099,-.152529,AMERICAN MEDICAL ASSOCIATION,0,1
2118,-.67790961,-.965087,-.41474301,AMERICAN MEDICAL STUDENT ASSOCIATION,0,1
2119,-1.6736655,-2.1137991,-1.2874269,AMERICAN MEDICAL WOMEN'S ASSOCIATION,0,1
2140,-.62170249,-.87993997,-.38294101,AMERICAN NETWORK OF COMMUNITY OPTIONS AND RESOURCES,0,1
2142,-.051449899,-.184495,.079888999,AMERICAN NEWSPAPER PUBLISHERS ASSOCIATION,0,1
2145,-.91040671,-1.155769,-.68949199,AMERICAN NURSES ASSOCIATION,0,1
2149,-.53341419,-.71511197,-.36928999,AMERICAN ORTHOPSYCHIATRIC ASSOCIATION,0,1
2156,.27694401,.139819,.41869399,AMERICAN PETROLEUM INSTITUTE,0,1
2159,-.0349067,-.179325,.108672,AMERICAN PLANNING ASSOCIATION,0,1
2168,-.47455931,-.59640402,-.362533,AMERICAN PSYCHIATRIC ASSOCIATION,0,1
2172,-.58630288,-.74368101,-.44201601,AMERICAN PSYCHOLOGICAL ASSOCIATION,0,1
2175,-.7549597,-.92563403,-.60878903,AMERICAN PUBLIC HEALTH ASSOCIATION,0,1
2176,.0481815,-.104544,.20584799,AMERICAN PUBLIC POWER ASSOCIATION,0,1
2190,.2497074,.056457002,.454348,AMERICAN RETAIL FEDERATION,0,1
2235,-.094536997,-.20932201,.016654,AMERICAN SOCIETY OF NEWS EDITORS,0,1
2265,.35209909,.124157,.59036899,AMERICAN TORT REFORM ASSOCIATION,0,1
2273,.1849983,.062374,.305352,AMERICAN TRUCKING ASSOCIATIONS,0,1
2279,-.72777039,-1.031925,-.464066,AMERICAN VETERANS COMMITTEE,0,1
2294,-.55748659,-.81247097,-.32567501,AMERICAN-ARAB ANTI-DISCRIMINATION COMMITTEE,0,1
2301,-1.4252197,-1.79661,-1.1049221,AMERICANS FOR DEMOCRATIC ACTION,0,1
2304,.71651977,.59270298,.84586501,AMERICANS FOR EFFECTIVE LAW ENFORCEMENT,0,1
2307,-.60182631,-.88569802,-.362876,AMERICANS FOR IMMIGRANT JUSTICE,0,1
2312,-1.1643195,-1.463746,-.923334,AMERICANS FOR RELIGIOUS LIBERTY,0,1
2321,-.51042962,-.650258,-.375532,AMERICANS UNITED FOR SEPARATION OF CHURCH AND STATE,0,1
2342,-.58112162,-.80685699,-.37387499,AMNESTY INTERNATIONAL,0,1
2343,-.45552379,-.69466603,-.225255,AMNESTY INTERNATIONAL OF THE U.S.A.,0,1
2400,-.52525783,-.62297601,-.43884799,ANTI-DEFAMATION LEAGUE,0,1
2435,.37226519,.187337,.5632,APPELLATE COMMITTEE OF THE CALIFORNIA DISTRICT ATTORNEYS ASSOCIATION,0,1
2646,-1.1896266,-1.4286129,-.97930998,ASIAN AMERICAN JUSTICE CENTER,0,1
2651,-1.0430639,-1.244114,-.86067897,ASIAN AMERICAN LEGAL DEFENSE AND EDUCATION FUND,0,1
2657,-.86526632,-1.197139,-.55217898,ASIAN AMERICANS ADVANCING JUSTICE-CHICAGO,0,1
2658,-.864012,-1.118358,-.63670599,ASIAN AMERICANS ADVANCING JUSTICE-LOS ANGELES,0,1
2671,-.79380822,-1.083607,-.53465599,ASIAN LAW ALLIANCE,0,1
2672,-.93314379,-1.157017,-.70830202,ASIAN LAW CAUCUS,0,1
2726,.0501846,-.144842,.24681699,"ASSOCIATED BUILDERS AND CONTRACTORS, INC.",0,1
2739,.2195994,.051521,.395513,ASSOCIATED GENERAL CONTRACTORS OF AMERICA,0,1
2761,-.0407013,-.20448101,.123179,ASSOCIATED PRESS,0,1
2764,-.098130502,-.31644899,.119375,ASSOCIATED PRESS MEDIA EDITORS,0,1
2827,-.087923802,-.230656,.053405002,ASSOCIATION OF AMERICAN MEDICAL COLLEGES,0,1
2828,.6628508,.44308999,.90979803,ASSOCIATION OF AMERICAN PHYSICIANS AND SURGEONS,0,1
2830,-.17649589,-.2895,-.067157,ASSOCIATION OF AMERICAN PUBLISHERS,0,1
2831,.2391573,.119118,.364039,ASSOCIATION OF AMERICAN RAILROADS,0,1
2832,-.1394207,-.338563,.052292999,ASSOCIATION OF AMERICAN UNIVERSITIES,0,1
2853,.32695371,.088614002,.58536798,ASSOCIATION OF CALIFORNIA WATER AGENCIES,0,1
2862,.188334,-.028232999,.415611,ASSOCIATION OF CHRISTIAN SCHOOLS INTERNATIONAL,0,1
2890,.31214139,.118126,.52376997,ASSOCIATION OF GLOBAL AUTOMAKERS,0,1
2931,-.0795215,-.25381199,.094809003,ASSOCIATION OF NATIONAL ADVERTISERS,0,1
2954,-.0095372004,-.19359601,.166078,ASSOCIATION OF PUBLIC AND LAND-GRANT UNIVERSITIES,0,1
2959,-1.1976979,-1.57162,-.88565302,ASSOCIATION OF REPRODUCTIVE HEALTH PROFESSIONALS,0,1
2960,-.2000109,-.43623799,.029984999,ASSOCIATION OF RESEARCH LIBRARIES,0,1
2994,-.2116145,-.36162499,-.064948998,"ASSOCIATION ON AMERICAN INDIAN AFFAIRS, INC.",0,1
3039,.46345979,.229375,.71734899,ATLANTIC LEGAL FOUNDATION,0,1
3110,-.233788,-.40321401,-.071675003,AUTHORS LEAGUE OF AMERICA,0,1
3241,-.27180821,-.39509901,-.151298,BAPTIST JOINT COMMITTEE FOR RELIGIOUS LIBERTY,0,1
3247,-1.0589538,-1.440374,-.728728,BAR ASSOCIATION OF SAN FRANCISCO,0,1
3249,-.038624398,-.36825299,.284105,"BAR ASSOCIATION OF THE DISTRICT OF COLUMBIA -- PATENT, TRADEMARK & COPYRIGHT SECTION",0,1
3306,-.91941661,-1.262026,-.60398799,BAY AREA LAWYERS FOR INDIVIDUAL FREEDOM,0,1
3325,-.70657313,-.89252299,-.53536397,BAZELON CENTER FOR MENTAL HEALTH LAW,0,1
3343,.26045281,.086061999,.44953701,BECKET FUND FOR RELIGIOUS LIBERTY,0,1
3369,-.0012652,-.213604,.20809799,BELLSOUTH CORPORATION,0,1
3435,-.9870227,-1.383394,-.64851099,BEVERLY HILLS BAR ASSOCIATION,0,1
3478,.1003167,-.085162997,.290151,BIOTECHNOLOGY INDUSTRY ORGANIZATION,0,1
3509,-.0214076,-.212044,.169462,"BITUMINOUS COAL OPERATORS ASSOCIATION, INC.",0,1
3544,-1.5678639,-2.0521979,-1.1244971,BLACK WOMEN'S HEALTH IMPERATIVE,0,1
3570,.1941985,-.021814,.42370799,BLUE CROSS AND BLUE SHIELD ASSOCIATION,0,1
3745,-.60367358,-.78162599,-.44804201,BRENNAN CENTER FOR JUSTICE AT NEW YORK UNIVERSITY SCHOOL OF LAW,0,1
3840,-.048733398,-.24920499,.146125,BSA | THE SOFTWARE ALLIANCE,0,1
3903,-1.6459699,-2.0873959,-1.2528419,BUSINESS AND PROFESSIONAL WOMEN/USA,0,1
3910,.223998,.070171997,.38334799,BUSINESS ROUNDTABLE,0,1
3925,-.066074498,-.29082999,.163285,"CABLE NEWS NETWORK, INC.",0,1
3985,.1010174,-.12864999,.33356699,CALIFORNIA ASSOCIATION OF REALTORS,0,1
3994,-.45342061,-.609909,-.30529001,CALIFORNIA ATTORNEYS FOR CRIMINAL JUSTICE,0,1
4000,.077473402,-.149703,.30887699,CALIFORNIA BUILDING INDUSTRY ASSOCIATION,0,1
4043,.55743301,.35395199,.77792299,CALIFORNIA DISTRICT ATTORNEYS ASSOCIATION,0,1
4058,.038453799,-.18048701,.26595801,CALIFORNIA FARM BUREAU FEDERATION,0,1
4093,-.41796601,-.63767499,-.209968,CALIFORNIA MEDICAL ASSOCIATION,0,1
4127,-.48537919,-.69884402,-.29719299,CALIFORNIA PUBLIC DEFENDERS ASSOCIATION,0,1
4132,-.080131799,-.272699,.108039,CALIFORNIA PUBLIC UTILITIES COMMISSION,0,1
4154,.2159899,.044429999,.39506301,CALIFORNIA STATE ASSOCIATION OF COUNTIES,0,1
4173,-.5887599,-.85544699,-.34229699,CALIFORNIA TEACHERS ASSOCIATION,0,1
4182,-1.6480429,-1.9927419,-1.343639,CALIFORNIA WOMEN LAWYERS,0,1
4184,-1.9255759,-2.443372,-1.450326,CALIFORNIA WOMEN'S LAW CENTER,0,1
4279,-.051328801,-.27976099,.18042199,"CAPITAL CITIES/ABC, INC.",0,1
4394,-.68258142,-.93309897,-.44812101,CATHOLIC CHARITIES USA,0,1
4410,.49205369,.342502,.64920801,CATHOLIC LEAGUE FOR RELIGIOUS AND CIVIL RIGHTS,0,1
4411,-.51996332,-.75560302,-.30080301,CATHOLIC LEGAL IMMIGRATION NETWORK,0,1
4429,-1.882877,-2.582716,-1.299228,CATHOLICS FOR CHOICE,0,1
4438,.077486098,-.0082740001,.162193,CATO INSTITUTE,0,1
4450,-.050352901,-.19451199,.092156,CBS BROADCASTING INC.,0,1
4506,.35415399,.067925997,.658041,CENTER FOR COMPETITIVE POLITICS,0,1
4507,.7071265,.51384199,.904208,CENTER FOR CONSTITUTIONAL JURISPRUDENCE,0,1
4508,-.95887399,-1.137022,-.79831302,CENTER FOR CONSTITUTIONAL RIGHTS,0,1
4516,-.26195201,-.479848,-.052754,CENTER FOR DEMOCRACY & TECHNOLOGY,0,1
4537,1.0108922,.70043498,1.360534,CENTER FOR EQUAL OPPORTUNITY,0,1
4559,.46301651,.191008,.76281101,CENTER FOR INDIVIDUAL FREEDOM,0,1
4560,.55596173,.324361,.808236,CENTER FOR INDIVIDUAL RIGHTS,0,1
4573,-.43110359,-.64640599,-.233813,CENTER FOR LAW AND EDUCATION,0,1
4624,.3614538,.16813201,.57393599,CENTER FOR THE COMMUNITY INTEREST,0,1
4643,-1.5445246,-1.8700401,-1.238284,CENTER FOR WOMEN POLICY STUDIES,0,1
4659,-.33355969,-.55602002,-.132448,CENTER ON SOCIAL WELFARE POLICY AND LAW,0,1
4660,-.37090209,-.57549399,-.180639,CENTER ON THE ADMINISTRATION OF CRIMINAL LAW,0,1
4681,-.84863502,-1.080052,-.630683,CENTRAL CONFERENCE OF AMERICAN RABBIS,0,1
4765,.38143671,.31538501,.44664201,CHAMBER OF COMMERCE OF THE U.S.,0,1
4840,.039540201,-.14771201,.233575,CHEVRON CORP.,0,1
4912,-.36541849,-.53825802,-.207334,CHILD WELFARE LEAGUE OF AMERICA,0,1
4934,-.69849598,-.87630397,-.53146702,CHILDREN'S DEFENSE FUND,0,1
4973,-.8407805,-1.141152,-.56768799,CHINESE FOR AFFIRMATIVE ACTION,0,1
5011,.4063167,.28088,.53625101,CHRISTIAN LEGAL SOCIETY,0,1
5035,.4086678,.19925299,.632936,CHURCH OF JESUS CHRIST OF LATTER-DAY SAINTS,0,1
5068,-.13858689,-.36669299,.086846001,"CISCO SYSTEMS, INC.",0,1
5115,.1851505,.001587,.380463,CITIZENS FOR DECENCY THROUGH LAW,0,1
5147,.54088932,.264943,.83244997,CITIZENS UNITED FOUNDATION,0,1
5785,.040296201,-.172644,.25902301,CLARENDON FOUNDATION,0,1
5942,-2.1991332,-2.778971,-1.754908,COALITION OF LABOR UNION WOMEN,0,1
6258,-.28408259,-.43952,-.138318,COMMON CAUSE,0,1
6363,.2911371,.091022998,.50858903,COMPETITIVE ENTERPRISE INSTITUTE,0,1
6369,-.096301697,-.278896,.083953001,COMPUTER & COMMUNICATIONS INDUSTRY ASSOCIATION,0,1
6393,.83462751,.64306802,1.04984,CONCERNED WOMEN FOR AMERICA,0,1
6448,-.66103679,-.93391401,-.428691,CONGRESSIONAL BLACK CAUCUS,0,1
6525,-1.99218,-2.3459849,-1.643988,CONNECTICUT WOMEN'S EDUCATION AND LEGAL FUND,0,1
6537,.3801091,.201644,.57089001,CONSERVATIVE LEGAL DEFENSE AND EDUCATION FUND,0,1
6557,-.39517909,-.57915503,-.221536,CONSTITUTION PROJECT,0,1
6559,-.75011063,-1.0221339,-.50076598,CONSTITUTIONAL ACCOUNTABILITY CENTER,0,1
6575,-.31662941,-.54229403,-.105646,CONSUMER ATTORNEYS OF CALIFORNIA,0,1
6576,.2299521,.058076002,.41151199,CONSUMER BANKERS ASSOCIATION,0,1
6585,-.25991601,-.39489001,-.13191301,CONSUMER FEDERATION OF AMERICA,0,1
6601,-.27395999,-.43560201,-.122739,CONSUMERS UNION,0,1
6644,-.0394466,-.229333,.15385801,"COPLEY PRESS, INC.",0,1
6706,-.32034329,-.52929902,-.127048,"COUNCIL FOR PERIODICAL DISTRIBUTORS ASSOCIATION, INC.",0,1
6748,.307607,.230436,.38668099,COUNCIL OF STATE GOVERNMENTS,0,1
6752,-.38336071,-.614797,-.16279,COUNCIL OF THE GREAT CITY SCHOOLS,0,1
6765,-.33063689,-.48940799,-.17840099,COUNCIL ON RELIGIOUS FREEDOM,0,1
6769,-.0228182,-.182374,.14012399,COUNCIL ON STATE TAXATION,0,1
6853,.5980038,.50875598,.68817401,CRIMINAL JUSTICE LEGAL FOUNDATION,0,1
6865,.3712652,.165282,.59065503,CROPLIFE AMERICA,0,1
6889,.1073509,-.089102,.31025901,CTIA -- THE WIRELESS ASSOCIATION,0,1
7091,.1201834,-.059916999,.30655,DEFENDERS OF PROPERTY RIGHTS,0,1
7092,-.39487559,-.59484398,-.204916,DEFENDERS OF WILDLIFE,0,1
7274,-.0676286,-.275498,.138897,DIRECT MARKETING ASSOCIATION,0,1
7278,-.1000976,-.340453,.13440099,DIRECTORS GUILD OF AMERICA,0,1
7298,-.9186002,-1.140205,-.71736503,DISABILITY RIGHTS EDUCATION AND DEFENSE FUND,0,1
7302,-.64586979,-.89573598,-.420654,DISABILITY RIGHTS LEGAL CENTER,0,1
7373,-.30776429,-.52284402,-.107572,DKT LIBERTY PROJECT,0,1
7444,-.048374798,-.190963,.089607999,"DOW JONES & COMPANY, INC.",0,1
7448,.2838791,.025857,.56881398,DOWNSIZE DC FOUNDATION,0,1
7449,.30885211,.032398,.59807903,DOWNSIZEDC.ORG,0,1
7461,.34027189,.21668699,.46615401,DRI -- THE VOICE OF THE DEFENSE BAR,0,1
7517,-.3248181,-.58258599,-.081683002,DV LEAP,0,1
7524,.071037598,-.106168,.250539,E.I. DU PONT DE NEMOURS AND COMPANY,0,1
7529,-.0820494,-.325082,.156497,E.W. SCRIPPS COMPANY,0,1
7532,.4488627,.30113301,.60233301,EAGLE FORUM EDUCATION & LEGAL DEFENSE FUND,0,1
7567,-.50921118,-.74464399,-.286329,"EASTER SEALS, INC.",0,1
7624,.1215535,-.013549,.260241,EDISON ELECTRIC INSTITUTE,0,1
7705,-.155525,-.303312,-.01054,ELECTRONIC FRONTIER FOUNDATION,0,1
7708,-.30418539,-.48101699,-.13442799,ELECTRONIC PRIVACY INFORMATION CENTER,0,1
7720,-.1243728,-.34504899,.095512003,ELI LILLY AND COMPANY,0,1
7783,.57771111,.32249099,.86352903,EMPLOYERS GROUP,0,1
7845,-.36251259,-.52474201,-.20443299,ENVIRONMENTAL DEFENSE FUND,0,1
7863,-.6990841,-.90693098,-.51529598,EPILEPSY FOUNDATION,0,1
7876,.62855828,.53992802,.71634698,EQUAL EMPLOYMENT ADVISORY COUNCIL,0,1
7877,-.451868,-.56761903,-.34323099,EQUAL EMPLOYMENT OPPORTUNITY COMMISSION,0,1
7880,-1.057175,-1.511593,-.67447501,EQUAL JUSTICE SOCIETY,0,1
7885,-1.7364501,-2.077801,-1.445304,EQUAL RIGHTS ADVOCATES,0,1
7916,.2892966,.12765101,.46052101,ERISA INDUSTRY COMMITTEE,0,1
7941,.71318358,.510113,.92977899,ETHICS & RELIGIOUS LIBERTY COMMISSION OF THE SOUTHERN BAPTIST CONVENTION,0,1
8063,-.42610481,-.58413899,-.279825,FAMILIES AGAINST MANDATORY MINIMUMS,0,1
8096,.82696837,.62470198,1.02751,FAMILY RESEARCH COUNCIL,0,1
8162,.0023218,-.22252899,.23360001,FEDERAL CIRCUIT BAR ASSOCIATION,0,1
8176,.0098954998,-.190549,.219743,FEDERAL ENERGY REGULATORY COMMISSION,0,1
8196,.047536202,-.162974,.264431,FEDERAL TRADE COMMISSION,0,1
8199,-1.3856821,-1.884295,-.97322297,FEDERALLY EMPLOYED WOMEN,0,1
8256,-1.8230227,-2.18908,-1.472607,FEMINIST MAJORITY FOUNDATION,0,1
8304,.1663309,-.017185001,.36110699,FINANCIAL SERVICES ROUNDTABLE,0,1
8319,-.054136898,-.29231599,.19123,FIRST AMENDMENT COALITION,0,1
8320,-.1785216,-.394375,.035519999,FIRST AMENDMENT LAWYERS ASSOCIATION,0,1
8524,.8700527,.64281899,1.1220289,FOCUS ON THE FAMILY,0,1
8543,.1233563,-.094246998,.352797,FORD MOTOR COMPANY,0,1
8611,1.0034083,.59023398,1.478141,FOUNDATION FOR MORAL LAW,0,1
8672,.56718409,.31170899,.846578,FREE CONGRESS RESEARCH AND EDUCATION FOUNDATION,0,1
8695,-.36368391,-.52032799,-.217124,FREEDOM TO READ FOUNDATION,0,1
8743,-.3711963,-.57365501,-.177082,FRIENDS OF THE EARTH,0,1
8796,-.077629998,-.239852,.081324004,"GANNETT CO., INC.",0,1
8815,-.94387698,-1.2606519,-.64359802,GAY & LESBIAN ADVOCATES & DEFENDERS,0,1
8853,-.7206369,-.94993502,-.51137102,GENERAL BOARD OF CHURCH AND SOCIETY OF THE UNITED METHODIST CHURCH,0,1
8858,-.1216077,-.291913,.047122002,GENERAL CONFERENCE OF SEVENTH-DAY ADVENTISTS,0,1
8866,.17073689,.01342,.33529899,GENERAL ELECTRIC COMPANY,0,1
8872,-.046465699,-.21057101,.120929,GENERAL MOTORS CORP.,0,1
9022,-.70425409,-.91977501,-.51276201,GLOBAL RIGHTS,0,1
9055,-.1061268,-.34313601,.127373,"GOOGLE, INC.",0,1
9065,.3214041,.094022997,.56650001,GOVERNMENT FINANCE OFFICERS ASSOCIATION,0,1
9082,-.0698587,-.211492,.068759002,GRAHAM HOLDINGS COMPANY,0,1
9112,-.5144245,-.757478,-.29755399,GRAY PANTHERS,0,1
9221,.050002601,-.15945201,.26497799,GROCERY MANUFACTURERS ASSOCIATION,0,1
9284,.26711041,.089548998,.45212299,GUN OWNERS FOUNDATION,0,1
9285,.2654531,.079869002,.459342,"GUN OWNERS OF AMERICA, INC.",0,1
9310,-1.3311017,-1.663904,-1.008298,HADASSAH,0,1
9435,-.58956158,-.85548699,-.34448701,HAWAII STATE COALITION AGAINST DOMESTIC VIOLENCE,0,1
9467,.1947788,.022767,.37245199,HEALTH INSURANCE ASSOCIATION OF AMERICA,0,1
9480,-.0031774,-.16288701,.155031,HEARST CORPORATION,0,1
9538,-.078779303,-.267297,.107338,HEWLETT-PACKARD COMPANY,0,1
9589,-.8646487,-1.141404,-.60044402,HISPANIC NATIONAL BAR ASSOCIATION,0,1
9683,-.76519167,-1.09144,-.474879,HORACE MANN LEAGUE,0,1
9790,-.74249887,-1.032915,-.490971,HUMAN RIGHTS ADVOCATES,0,1
9791,-1.1895732,-1.566342,-.85313201,HUMAN RIGHTS CAMPAIGN,0,1
9795,-.57276428,-.75523901,-.408371,HUMAN RIGHTS FIRST,0,1
9800,-.55392331,-.73603898,-.39131001,HUMAN RIGHTS WATCH,0,1
9909,.79567748,.52254301,1.092948,ILLINOIS ASSOCIATION OF CHIEFS OF POLICE,0,1
9972,-.3804698,-.617562,-.155085,ILLINOIS STATE BAR ASSOCIATION,0,1
10037,-.39830169,-.65195,-.15013701,INDEPENDENT BOOK PUBLISHERS ASSOCIATION,0,1
10039,.085381798,-.115165,.29640999,INDEPENDENT COMMUNITY BANKERS OF AMERICA,0,1
10064,-.28333431,-.51792997,-.061841,INDEPENDENT SECTOR,0,1
10146,.81831831,.46279499,1.224625,INDIVIDUAL RIGHTS FOUNDATION,0,1
10189,-.49837479,-.76624203,-.25395,INNOCENCE NETWORK,0,1
10215,.071778297,-.049084,.192214,INSTITUTE FOR JUSTICE,0,1
10255,.4828642,.183203,.81138998,INSTITUTE ON THE CONSTITUTION,0,1
10275,-.088357098,-.25727999,.075548001,INTEL CORPORATION,0,1
10280,-.0113442,-.171378,.15139,INTELLECTUAL PROPERTY OWNERS ASSOCIATION,0,1
10301,-.78909808,-1.21255,-.43723601,INTERFAITH ALLIANCE FOUNDATION,0,1
10338,.71387768,.59047103,.84988302,INTERNATIONAL ASSOCIATION OF CHIEFS OF POLICE,0,1
10373,-.2265071,-.42730099,-.029990001,INTERNATIONAL BROTHERHOOD OF TEAMSTERS,0,1
10375,-.1161332,-.32203501,.091109,INTERNATIONAL BUSINESS MACHINES CORPORATION,0,1
10391,.28148979,.20726299,.35374799,INTERNATIONAL CITY-COUNTY MANAGEMENT ASSOCIATION,0,1
10407,.27909511,.068145998,.50353199,INTERNATIONAL COUNCIL OF SHOPPING CENTERS,0,1
10473,.26866639,.194866,.34626201,INTERNATIONAL MUNICIPAL LAWYERS ASSOCIATION,0,1
10480,-.32174969,-.51005602,-.139392,INTERNATIONAL PERIODICAL DISTRIBUTORS ASSOCIATION,0,1
10506,-.043733802,-.246465,.159922,INTERNATIONAL TRADEMARK ASSOCIATION,0,1
10516,-.41837019,-.56263602,-.28367001,"INTERNATIONAL UNION, UNITED AUTOMOBILE, AEROSPACE, AND AGRICULTURAL IMPLEMENT WORKERS OF AMERICA",0,1
10733,-1.0058742,-1.297765,-.74224102,JAPANESE AMERICAN CITIZENS LEAGUE,0,1
10787,-.66036707,-.84918201,-.49370101,JEWISH COUNCIL FOR PUBLIC AFFAIRS,0,1
10796,-.82306778,-1.154429,-.53722298,JEWISH LABOR COMMITTEE,0,1
10806,-.56939793,-.84365898,-.31390101,JEWISH WAR VETERANS OF THE U.S.A.,0,1
10807,-1.7014658,-2.1688969,-1.268169,JEWISH WOMEN INTERNATIONAL,0,1
10837,-.0815899,-.290234,.12703601,JOHNSON & JOHNSON,0,1
10900,.37152979,.12237,.654737,JUSTICE AND FREEDOM FUND,0,1
10917,-.65022099,-.85323697,-.46132699,JUSTICE IN AGING,0,1
10926,-.63286233,-.825293,-.44558799,JUVENILE LAW CENTER,0,1
11056,-.46434319,-.727377,-.22398099,KENTUCKY COALITION AGAINST DOMESTIC VIOLENCE,0,1
11178,1.1767482,.83873999,1.58553,KNIGHTS OF COLUMBUS,0,1
11320,-1.0046318,-1.2301461,-.80675799,LAMBDA LEGAL DEFENSE AND EDUCATION FUND,0,1
11339,.4883858,.30756101,.68842399,LANDMARK LEGAL FOUNDATION,0,1
11377,-1.1211215,-1.322571,-.91122198,LATINOJUSTICE PRLDEF,0,1
11424,-.69695169,-.956442,-.44725901,LAWYERS COMMITTEE FOR CIVIL RIGHTS OF THE SAN FRANCISCO BAY AREA,0,1
11425,-.88417119,-1.020005,-.76156902,LAWYERS COMMITTEE FOR CIVIL RIGHTS UNDER LAW,0,1
11448,-.95406598,-1.23852,-.69318902,LEADERSHIP CONFERENCE ON CIVIL AND HUMAN RIGHTS,0,1
11472,.32011679,.078612998,.580742,LEAGUE OF CALIFORNIA CITIES,0,1
11483,-.65239918,-.89047599,-.45308,LEAGUE OF UNITED LATIN AMERICAN CITIZENS,0,1
11502,-.97833461,-1.168779,-.80525798,LEAGUE OF WOMEN VOTERS OF THE UNITED STATES,0,1
11537,-.50037891,-.66696101,-.356529,LEGAL AID SOCIETY,0,1
11564,-1.1104064,-1.3175451,-.92300498,"LEGAL AID SOCIETY, EMPLOYMENT LAW CENTER",0,1
11579,.5373677,.399124,.68857902,LEGAL FOUNDATION OF AMERICA,0,1
11582,-1.5245327,-1.741709,-1.329591,LEGAL MOMENTUM,0,1
11598,-.36387271,-.58584899,-.150916,LEGAL SERVICES NYC,0,1
11608,-2.1534085,-2.5627561,-1.7970769,LEGAL VOICE,0,1
11653,.50386029,.3272,.70039999,LIBERTY COUNSEL,0,1
11655,.1004936,-.078279004,.28798899,LIBERTY INSTITUTE,0,1
11699,.50886142,.30039001,.738195,LINCOLN INSTITUTE FOR RESEARCH AND EDUCATION,0,1
11825,-.041476499,-.264478,.18163601,LOS ANGELES TIMES,0,1
11938,.9877547,.69506001,1.3040349,LUTHERAN CHURCH-MISSOURI SYNOD,0,1
11942,-.56488049,-.82135701,-.32772401,LUTHERAN IMMIGRATION AND REFUGEE SERVICE,0,1
12059,-.0051663001,-.223289,.209566,MAJOR CITIES CHIEFS ASSOCIATION,0,1
12077,-1.4660591,-1.947873,-1.059996,MANA: A NATIONAL LATINA ORGANIZATION,0,1
12147,-.1050568,-.279286,.062711999,MARITIME LAW ASSOCIATION OF THE UNITED STATES,0,1
12345,-.053793602,-.29116201,.18005,MCCLATCHY COMPANY,0,1
12386,-.075492702,-.26277301,.110486,MEDIA INSTITUTE,0,1
12463,-.64508671,-.829485,-.47619301,MENTAL HEALTH AMERICA,0,1
12569,-.96323359,-1.129244,-.82320899,MEXICAN AMERICAN LEGAL DEFENSE AND EDUCATIONAL FUND,0,1
12585,-.0530788,-.238444,.129555,MIAMI HERALD PUBLISHING CO.,0,1
12690,-.049437702,-.23384,.134138,MICROSOFT CORPORATION,0,1
12693,.2215309,.038869001,.41500399,MID-AMERICA LEGAL FOUNDATION,0,1
13129,.219243,.002967,.44315699,MORTGAGE BANKERS ASSOCIATION,0,1
13142,-.1968735,-.34706199,-.048140001,"MOTION PICTURE ASSOCIATION OF AMERICA, INC.",0,1
13161,.4531211,.32664901,.58346701,MOUNTAIN STATES LEGAL FOUNDATION,0,1
13172,-.1006967,-.246839,.046569999,MPA THE ASSOCIATION OF MAGAZINE MEDIA,0,1
13202,.0440307,-.072352998,.16031601,MULTISTATE TAX COMMISSION,0,1
13250,-.76176542,-.88255298,-.653974,"NAACP LEGAL DEFENSE AND EDUCATIONAL FUND, INC.",0,1
13299,-1.5048019,-1.9756809,-1.118874,NARAL PRO-CHOICE AMERICA,0,1
13344,-1.812393,-2.3348861,-1.348262,NATIONAL ABORTION FEDERATION,0,1
13390,-.66913068,-.88169402,-.47263399,NATIONAL ALLIANCE ON MENTAL ILLNESS,0,1
13401,-.94092411,-1.2513469,-.65466499,NATIONAL ASIAN PACIFIC AMERICAN BAR ASSOCIATION,0,1
13403,-1.5025933,-1.947418,-1.05981,NATIONAL ASIAN PACIFIC AMERICAN WOMEN'S FORUM,0,1
13427,-.88900691,-1.0313441,-.75501001,NATIONAL ASSOCIATION FOR THE ADVANCEMENT OF COLORED PEOPLE,0,1
13461,-.093500398,-.210749,.020006999,NATIONAL ASSOCIATION OF BROADCASTERS,0,1
13475,-.3019788,-.53671598,-.079999998,"NATIONAL ASSOCIATION OF COLLEGE STORES, INC.",0,1
13480,-.42711011,-.63371497,-.23641901,NATIONAL ASSOCIATION OF CONSUMER ADVOCATES,0,1
13482,-.18166409,-.35954201,-.0080070002,NATIONAL ASSOCIATION OF CONSUMER BANKRUPTCY ATTORNEYS,0,1
13485,-.42550299,-.65167397,-.224099,NATIONAL ASSOCIATION OF COUNSEL FOR CHILDREN,0,1
13486,.28024179,.206283,.350941,NATIONAL ASSOCIATION OF COUNTIES,0,1
13493,-.53922719,-.61558402,-.4691,NATIONAL ASSOCIATION OF CRIMINAL DEFENSE LAWYERS,0,1
13501,.4570066,.31996301,.59980702,NATIONAL ASSOCIATION OF EVANGELICALS,0,1
13505,-.43481451,-.564686,-.31765699,NATIONAL ASSOCIATION OF FEDERAL DEFENDERS,0,1
13518,.15019891,.035108998,.26371399,NATIONAL ASSOCIATION OF HOME BUILDERS,0,1
13523,.2082395,.057273,.36561999,NATIONAL ASSOCIATION OF INDEPENDENT INSURERS,0,1
13525,-.094103299,-.28042901,.086626999,NATIONAL ASSOCIATION OF INDEPENDENT SCHOOLS,0,1
13530,-.1157647,-.313043,.076702997,NATIONAL ASSOCIATION OF INSURANCE COMMISSIONERS,0,1
13547,.31945699,.233583,.40299299,NATIONAL ASSOCIATION OF MANUFACTURERS,0,1
13571,.1456721,-.0040239999,.299337,NATIONAL ASSOCIATION OF POLICE ORGANIZATIONS,0,1
13587,.1175084,-.037705,.27765301,NATIONAL ASSOCIATION OF REALTORS,0,1
13589,-.046814501,-.225082,.128416,NATIONAL ASSOCIATION OF REGULATORY UTILITY COMMISSIONERS,0,1
13609,-.0273626,-.19647101,.143878,NATIONAL ASSOCIATION OF SECONDARY SCHOOL PRINCIPALS,0,1
13610,-.2388663,-.412945,-.071076997,NATIONAL ASSOCIATION OF SECURITIES AND COMMERCIAL LAW ATTORNEYS,0,1
13614,-.2034573,-.41633901,.0027119999,NATIONAL ASSOCIATION OF SHAREHOLDER AND CONSUMER ATTORNEYS,0,1
13616,-1.1201897,-1.340567,-.92370802,NATIONAL ASSOCIATION OF SOCIAL WORKERS,0,1
13649,-.69313163,-.969262,-.43689799,NATIONAL ASSOCIATION OF THE DEAF,0,1
13655,.1084463,-.047857001,.27195299,NATIONAL ASSOCIATION OF WATERFRONT EMPLOYERS,0,1
13660,-1.3832207,-1.7868659,-1.027723,NATIONAL ASSOCIATION OF WOMEN LAWYERS,0,1
13666,-.267102,-.42783701,-.112923,NATIONAL AUDUBON SOCIETY,0,1
13682,-.7887975,-1.038065,-.55954802,NATIONAL BAR ASSOCIATION,0,1
13705,-.7682513,-1.040984,-.52108902,NATIONAL BLACK POLICE ASSOCIATION,0,1
13717,-.0487183,-.191615,.090288997,"NATIONAL BROADCASTING COMPANY, INC.",0,1
13734,.1988803,.012085,.40115699,NATIONAL CATTLEMEN'S BEEF ASSOCIATION,0,1
13741,-1.4705468,-1.897601,-1.12177,NATIONAL CENTER FOR LESBIAN RIGHTS,0,1
13742,.194013,-.010686,.40704799,NATIONAL CENTER FOR MISSING AND EXPLOITED CHILDREN,0,1
13753,-.099848203,-.30467999,.101421,NATIONAL CENTER FOR VICTIMS OF CRIME,0,1
13755,-.78720582,-1.038389,-.55520701,NATIONAL CENTER FOR YOUTH LAW,0,1
13760,.3627423,.185377,.55752802,NATIONAL CENTER ON SEXUAL EXPLOITATION,0,1
13792,-.34933981,-.582394,-.117589,NATIONAL COALITION AGAINST CENSORSHIP,0,1
13793,-.74908382,-1.033164,-.49548399,NATIONAL COALITION AGAINST DOMESTIC VIOLENCE,0,1
13812,-1.1845337,-1.625896,-.80454099,NATIONAL COALITION OF AMERICAN NUNS,0,1
13854,-.94971639,-1.1727639,-.73799503,NATIONAL CONFERENCE OF BLACK LAWYERS,0,1
13867,.27269071,.19365799,.352458,NATIONAL CONFERENCE OF STATE LEGISLATURES,0,1
13874,-.28381601,-.40601501,-.168492,NATIONAL CONGRESS OF AMERICAN INDIANS,0,1
13885,-.4040688,-.59107298,-.233344,NATIONAL CONSUMER LAW CENTER,0,1
13891,-.064339899,-.218982,.087306,NATIONAL COORDINATING COMMITTEE FOR MULTIEMPLOYER PLANS,0,1
13915,-1.448583,-1.6882499,-1.212865,NATIONAL COUNCIL OF JEWISH WOMEN,0,1
13918,-.97610408,-1.192717,-.77190799,NATIONAL COUNCIL OF LA RAZA,0,1
13920,-1.5141405,-1.939229,-1.1477081,NATIONAL COUNCIL OF NEGRO WOMEN,0,1
13925,-.42130861,-.66022903,-.204955,NATIONAL COUNCIL OF SENIOR CITIZENS,0,1
13929,-.42945799,-.54626203,-.31935501,NATIONAL COUNCIL OF THE CHURCHES OF CHRIST IN THE U.S.A.,0,1
13931,-1.4761571,-1.989112,-1.029379,NATIONAL COUNCIL OF WOMEN'S ORGANIZATIONS,0,1
13941,-.56352371,-.81904799,-.33680701,NATIONAL COUNCIL ON INDEPENDENT LIVING,0,1
13951,.0786236,-.1203,.27710399,NATIONAL CRIME VICTIM LAW INSTITUTE,0,1
13961,-.67149639,-.83151603,-.52161002,NATIONAL DISABILITY RIGHTS NETWORK,0,1
13963,.6802755,.54962999,.81507403,NATIONAL DISTRICT ATTORNEYS ASSOCIATION,0,1
13974,-.76561052,-.88703698,-.64628398,NATIONAL EDUCATION ASSOCIATION,0,1
13987,-.97634321,-1.271789,-.703462,NATIONAL EMERGENCY CIVIL LIBERTIES COMMITTEE,0,1
13991,-.80383527,-1.050573,-.580046,NATIONAL EMPLOYMENT LAW PROJECT,0,1
13992,-.7253989,-.85584998,-.61095601,NATIONAL EMPLOYMENT LAWYERS ASSOCIATION,0,1
14003,-1.2819529,-1.669719,-.92108798,NATIONAL FAMILY PLANNING AND REPRODUCTIVE HEALTH ASSOCIATION,0,1
14018,.503609,.34575301,.66894799,NATIONAL FEDERATION OF INDEPENDENT BUSINESS SMALL BUSINESS LEGAL CENTER,0,1
14051,-1.3029735,-1.6720721,-.95725101,NATIONAL GAY AND LESBIAN TASK FORCE,0,1
14057,.30588701,.221861,.38914999,NATIONAL GOVERNORS' ASSOCIATION,0,1
14071,-.85212189,-1.088841,-.62643701,NATIONAL HEALTH LAW PROGRAM,0,1
14091,-.55031812,-.75066501,-.36297899,NATIONAL IMMIGRANT JUSTICE CENTER,0,1
14093,-.66690522,-.91153401,-.43861499,NATIONAL IMMIGRATION LAW CENTER,0,1
14094,-.50212538,-.71783799,-.30019999,NATIONAL IMMIGRATION PROJECT OF THE NATIONAL LAWYERS GUILD,0,1
14131,.45451331,.30024499,.61398,NATIONAL JEWISH COMMISSION ON LAW AND PUBLIC AFFAIRS,0,1
14140,-.072625801,-.218062,.073026001,NATIONAL LABOR RELATIONS BOARD,0,1
14150,.3996779,.15426999,.66569501,NATIONAL LAW CENTER FOR CHILDREN AND FAMILIES,0,1
14156,-.91122711,-1.107218,-.73618001,NATIONAL LAWYERS GUILD,0,1
14166,.26888779,.196869,.341488,NATIONAL LEAGUE OF CITIES,0,1
14168,-.52372479,-.63061899,-.42407,NATIONAL LEGAL AID AND DEFENDER ASSOCIATION,0,1
14174,.72308278,.47314799,.98111498,NATIONAL LEGAL FOUNDATION,0,1
14213,-.6137957,-.85505599,-.397394,NATIONAL MULTIPLE SCLEROSIS SOCIETY,0,1
14225,-.495004,-.74694502,-.25838101,NATIONAL NETWORK TO END DOMESTIC VIOLENCE,0,1
14228,-.091642201,-.24445599,.060458001,NATIONAL NEWSPAPER ASSOCIATION,0,1
14230,-.58104157,-.97615302,-.24718601,NATIONAL OFFICE FOR THE RIGHTS OF THE INDIGENT,0,1
14243,-1.4901217,-1.791925,-1.211484,NATIONAL ORGANIZATION FOR WOMEN,0,1
14254,.52857959,.28658,.787377,NATIONAL ORGANIZATION OF PARENTS OF MURDERED CHILDREN,0,1
14255,-.39727521,-.60335898,-.20417801,NATIONAL ORGANIZATION OF SOCIAL SECURITY CLAIMANTS' REPRESENTATIVES,0,1
14270,-1.7525706,-1.999686,-1.514244,NATIONAL PARTNERSHIP FOR WOMEN & FAMILIES,0,1
14284,-.065606102,-.27681699,.146175,NATIONAL PRESS CLUB,0,1
14285,-.0892535,-.303119,.12898199,NATIONAL PRESS PHOTOGRAPHERS ASSOCIATION,0,1
14298,.1792845,.001351,.36144099,NATIONAL RAILWAY LABOR CONFERENCE,0,1
14322,1.0117285,.70199603,1.356658,NATIONAL RIGHT TO LIFE COMMITTEE,0,1
14325,.1285686,-.023006,.28277099,NATIONAL RIGHT TO WORK LEGAL DEFENSE FOUNDATION,0,1
14328,.054075301,-.155332,.272699,NATIONAL RURAL ELECTRIC COOPERATIVE ASSOCIATION,0,1
14335,.171223,.077780001,.265268,NATIONAL SCHOOL BOARDS ASSOCIATION,0,1
14343,.79212087,.63390797,.97292602,NATIONAL SHERIFFS' ASSOCIATION,0,1
14375,-.1132888,-.34223101,.114809,NATIONAL TAXPAYERS UNION,0,1
14385,-.3178761,-.50084901,-.13804001,NATIONAL TREASURY EMPLOYEES UNION,0,1
14389,-.089519396,-.279264,.095927,NATIONAL TRUST FOR HISTORIC PRESERVATION,0,1
14397,-.9708842,-1.205281,-.73892897,NATIONAL URBAN LEAGUE,0,1
14417,-.32909611,-.47058299,-.193569,NATIONAL WILDLIFE FEDERATION,0,1
14425,-1.0140384,-1.268824,-.77836001,NATIONAL WOMEN'S HEALTH NETWORK,0,1
14428,-1.8758396,-2.1669099,-1.617836,NATIONAL WOMEN'S LAW CENTER,0,1
14431,-1.7230374,-2.272258,-1.303719,NATIONAL WOMEN'S POLITICAL CAUCUS,0,1
14537,-.30049619,-.440777,-.168819,NATURAL RESOURCES DEFENSE COUNCIL,0,1
14689,.32408759,.18990199,.46598199,NEW ENGLAND LEGAL FOUNDATION,0,1
14760,-.34447771,-.59145099,-.11384,NEW JERSEY DEPARTMENT OF THE PUBLIC ADVOCATE,0,1
14876,-.41979039,-.55980802,-.28912199,NEW YORK CITY BAR ASSOCIATION,0,1
14902,-.53417659,-.66709602,-.41094199,NEW YORK CIVIL LIBERTIES UNION,0,1
14904,-.0137087,-.16765,.143029,NEW YORK CLEARING HOUSE ASSOCIATION,0,1
14910,-.1183614,-.290106,.054223999,NEW YORK COUNCIL OF DEFENSE LAWYERS,0,1
14927,.069763601,-.129647,.268015,NEW YORK INTELLECTUAL PROPERTY LAW ASSOCIATION,0,1
14930,-.85551,-1.1526591,-.59653598,NEW YORK LAWYERS FOR THE PUBLIC INTEREST,0,1
14964,-.36724901,-.587286,-.153254,NEW YORK STATE BAR ASSOCIATION,0,1
14971,-.67382389,-.94529903,-.42842001,NEW YORK STATE COALITION AGAINST DOMESTIC VIOLENCE,0,1
15008,-.0817874,-.21518999,.04586,NEW YORK TIMES COMPANY,0,1
15043,-.0105142,-.16920801,.14982601,NEWSPAPER ASSOCIATION OF AMERICA,0,1
15045,-.3564541,-.57480597,-.15500399,NEWSPAPER GUILD,0,1
15049,-.097448602,-.316237,.119877,"NEWSWEEK, INC.",0,1
15113,-.18665271,-.370278,-.010024,"NORTH AMERICAN SECURITIES ADMINISTRATORS ASSOCIATION, INC.",0,1
15395,-1.4271165,-1.8258131,-1.081171,NOW FOUNDATION,0,1
15401,-.13774011,-.34246799,.063617997,"NPR, INC.",0,1
15454,-.99501961,-1.309396,-.71074098,OCA - ASIAN PACIFIC AMERICAN ADVOCATES,0,1
15676,-1.1510636,-1.4649661,-.86251199,OLDER WOMEN'S LEAGUE,0,1
15843,.2990756,.068919003,.56087399,ORGANIZATION FOR INTERNATIONAL INVESTMENT,0,1
15977,.4254708,.345099,.499764,PACIFIC LEGAL FOUNDATION,0,1
16054,-.33309209,-.52266902,-.14829899,PARALYZED VETERANS OF AMERICA,0,1
16220,-.36740699,-.59026301,-.162826,PEN AMERICAN CENTER,0,1
16251,-.6767782,-.917265,-.44933799,PENNSYLVANIA COALITION AGAINST DOMESTIC VIOLENCE,0,1
16353,-.76442349,-.93782598,-.60959202,PEOPLE FOR THE AMERICAN WAY,0,1
16355,-1.0872101,-1.286526,-.88747197,PEOPLE FOR THE AMERICAN WAY FOUNDATION,0,1
16415,-.1218565,-.35452101,.103383,PFIZER INC.,0,1
16421,.2104312,.079663001,.34605801,PHARMACEUTICAL RESEARCH AND MANUFACTURERS OF AMERICA,0,1
16552,-.95344877,-1.190513,-.73991299,"PLANNED PARENTHOOD FEDERATION OF AMERICA, INC.",0,1
16606,.4365567,.18863,.70553797,POLICY ANALYSIS CENTER,0,1
16798,-.085693598,-.31120399,.13953701,PROCTER & GAMBLE COMPANY,0,1
16802,.2412089,.127361,.36159,"PRODUCT LIABILITY ADVISORY COUNCIL, INC.",0,1
16917,-.76362741,-1.065922,-.49012399,"PUBLIC ADVOCATES, INC.",0,1
16920,-.1206663,-.34542999,.099258997,PUBLIC BROADCASTING SERVICE,0,1
16922,-.3382079,-.44405401,-.238105,PUBLIC CITIZEN,0,1
16930,-.49280581,-.679389,-.32120201,PUBLIC DEFENDER SERVICE FOR THE DISTRICT OF COLUMBIA,0,1
16954,-.49982589,-.62117302,-.38480899,PUBLIC JUSTICE,0,1
16956,-.0509822,-.25364399,.14900599,PUBLIC KNOWLEDGE,0,1
17088,-.59648418,-.88939601,-.33979401,RABBINICAL ASSEMBLY,0,1
17089,-.024642101,-.20671199,.163771,RABBINICAL COUNCIL OF AMERICA,0,1
17099,-.1018799,-.229376,.026866,RADIO TELEVISION DIGITAL NEWS ASSOCIATION,0,1
17106,-.1160427,-.27300799,.039771002,RAILWAY LABOR EXECUTIVES ASSOCIATION,0,1
17160,.3493388,.152293,.56269598,REASON FOUNDATION,0,1
17171,-.085377097,-.28259099,.10947,RECORDING INDUSTRY ASSOCIATION OF AMERICA,0,1
17209,-.077088803,-.25632599,.100247,REGENTS OF THE UNIVERSITY OF CALIFORNIA,0,1
17237,-1.7114748,-2.229389,-1.21301,RELIGIOUS COALITION FOR REPRODUCTIVE CHOICE,0,1
17264,-.055139702,-.16084,.046615001,REPORTERS COMMITTEE FOR FREEDOM OF THE PRESS,0,1
17283,.284264,.076861002,.50815201,REPUBLICAN NATIONAL COMMITTEE,0,1
17324,.13770451,-.067783996,.35901299,RETAIL INDUSTRY LEADERS ASSOCIATION,0,1
17567,.078410201,-.011711,.16518299,RUTHERFORD INSTITUTE,0,1
17568,.57850868,.362975,.82082701,RUTHERFORD INSTITUTE OF ALABAMA,0,1
17573,1.1026334,.70196003,1.55479,RUTHERFORD INSTITUTE OF CONNECTICUT,0,1
17576,.8199898,.540295,1.132762,RUTHERFORD INSTITUTE OF GEORGIA,0,1
17584,.87289441,.58063602,1.226786,RUTHERFORD INSTITUTE OF MINNESOTA,0,1
17585,.85813087,.55396497,1.201019,RUTHERFORD INSTITUTE OF MONTANA,0,1
17589,1.0606611,.66678703,1.550281,RUTHERFORD INSTITUTE OF OHIO,0,1
17594,.8188886,.53456199,1.138906,RUTHERFORD INSTITUTE OF TENNESSEE,0,1
17595,.82892293,.55358601,1.141536,RUTHERFORD INSTITUTE OF TEXAS,0,1
17596,.82885021,.54496503,1.159209,RUTHERFORD INSTITUTE OF VIRGINIA,0,1
17854,-1.2316163,-1.667047,-.864021,SARGENT SHRIVER NATIONAL CENTER ON POVERTY LAW,0,1
18008,-.082884297,-.199664,.030554,SECURITIES AND EXCHANGE COMMISSION,0,1
18010,.26916769,.088211,.46263799,SECURITIES INDUSTRY AND FINANCIAL MARKETS ASSOCIATION,0,1
18011,.1640418,.025942,.30315399,SECURITIES INDUSTRY ASSOCIATION,0,1
18073,-.79654449,-1.051584,-.58337998,SERVICE EMPLOYEES INTERNATIONAL UNION,0,1
18104,-1.2146024,-1.649779,-.85202903,SEXUALITY INFORMATION AND EDUCATION COUNCIL OF THE U.S.,0,1
18129,.066200897,-.101577,.23715299,SHELL OIL CO.,0,1
18167,-.34207261,-.47536799,-.21471401,SIERRA CLUB,0,1
18333,-.93722051,-1.266082,-.65719402,SOCIETY FOR ADOLESCENT HEALTH AND MEDICINE,0,1
18340,.53263807,.395601,.67806798,SOCIETY FOR HUMAN RESOURCE MANAGEMENT,0,1
18341,-.92954469,-1.341197,-.58149499,SOCIETY FOR HUMANISTIC JUDAISM,0,1
18358,-.9897486,-1.405828,-.63328302,SOCIETY OF AMERICAN LAW TEACHERS,0,1
18379,-.097443402,-.21631099,.018006001,SOCIETY OF PROFESSIONAL JOURNALISTS,0,1
18390,-.065880299,-.27310401,.136278,SOFTWARE & INFORMATION INDUSTRY ASSOCIATION,0,1
18440,-.95236713,-1.398865,-.574875,SOUTH ASIAN AMERICANS LEADING TOGETHER,0,1
18547,-.81350768,-1.167352,-.50235802,SOUTHEAST ASIA RESOURCE ACTION CENTER,0,1
18561,.54245973,.360241,.73226798,SOUTHEASTERN LEGAL FOUNDATION,0,1
18586,.068146899,-.12699699,.26844001,SOUTHERN CALIFORNIA EDISON COMPANY,0,1
18601,-.78935391,-1.092126,-.52437598,SOUTHERN CHRISTIAN LEADERSHIP CONFERENCE,0,1
18642,-.85163099,-1.101631,-.628465,SOUTHERN POVERTY LAW CENTER,0,1
18688,-1.9282511,-2.7519219,-1.232645,SOUTHWEST WOMEN'S LAW CENTER,0,1
18892,-.49950781,-.70500499,-.309706,STATE PUBLIC DEFENDER OF CALIFORNIA,0,1
18930,-.091150999,-.33453101,.154645,STEPHENS MEDIA LLC,0,1
19000,-.2150196,-.408187,-.034694001,STUDENT PRESS LAW CENTER,0,1
19150,-.39449689,-.57425499,-.22271501,SYNAGOGUE COUNCIL OF AMERICA,0,1
19205,-.3062326,-.496355,-.126541,TASH,0,1
19215,-.0198939,-.214544,.174933,"TAX EXECUTIVES INSTITUTE, INC.",0,1
19494,-.57338339,-.72242999,-.43592599,THE ARC,0,1
19539,-.2034017,-.38638401,-.030885,THOMAS JEFFERSON CENTER FOR THE PROTECTION OF FREE EXPRESSION,0,1
19576,-.00073929998,-.18680499,.182511,"TIME, INC.",0,1
19579,.006087,-.203822,.220025,TIMES MIRROR COMPANY,0,1
19753,-.056424599,-.211128,.097921997,TRIBUNE COMPANY,0,1
19871,.48312399,.34972501,.62700599,U.S. CATHOLIC CONFERENCE,0,1
19879,.45504099,.23401199,.70198601,U.S. CONFERENCE OF CATHOLIC BISHOPS,0,1
19881,.2476663,.175346,.319074,U.S. CONFERENCE OF MAYORS,0,1
19899,.4878999,.295432,.69811398,U.S. JUSTICE FOUNDATION,0,1
19917,-.37898609,-.54901803,-.213963,U.S. PUBLIC INTEREST RESEARCH GROUP,0,1
19927,-1.3521812,-1.76325,-.99196798,U.S. STUDENT ASSOCIATION,0,1
19929,-.092922203,-.28901801,.095265001,U.S. TELECOM ASSOCIATION,0,1
19995,-.90569299,-1.059033,-.75596499,UNION FOR REFORM JUDAISM,0,1
20013,.043180998,-.118285,.20810699,UNION OF ORTHODOX JEWISH CONGREGATIONS OF AMERICA,0,1
20032,-1.0643502,-1.284814,-.867019,UNITARIAN UNIVERSALIST ASSOCIATION,0,1
20040,-1.3958265,-1.8412009,-1.010344,UNITARIAN UNIVERSALIST WOMEN'S FEDERATION,0,1
20061,-.62222642,-.83571798,-.424014,UNITED CEREBRAL PALSY,0,1
20068,-1.0027541,-1.349996,-.70800197,UNITED CHURCH BOARD FOR HOMELAND MINISTRIES,0,1
20070,-.89441228,-1.222857,-.59915602,UNITED CHURCH OF CHRIST,0,1
20076,-1.4751531,-2.091116,-1.006997,UNITED CHURCH OF CHRIST OFFICE OF CHURCH IN SOCIETY,0,1
20077,-.46189809,-.727709,-.209943,UNITED CHURCH OF CHRIST OFFICE OF COMMUNICATION,0,1
20126,-.3045347,-.47887099,-.139788,UNITED MINE WORKERS OF AMERICA,0,1
20140,-.57231599,-.89074898,-.28866199,UNITED PRESBYTERIAN CHURCH IN THE UNITED STATES OF AMERICA,0,1
20164,-.1970983,-.40871301,.0038449999,UNITED STEELWORKERS OF AMERICA,0,1
20166,-.8864153,-1.143031,-.65088701,UNITED SYNAGOGUE OF CONSERVATIVE JUDAISM,0,1
20465,-.031368699,-.222297,.15461899,VERIZON COMMUNICATIONS INC.,0,1
20486,-.3671087,-.614851,-.141615,VERMONT NETWORK AGAINST DOMESTIC AND SEXUAL VIOLENCE,0,1
20506,.1312312,-.072572999,.33996701,VETERANS OF FOREIGN WARS OF THE UNITED STATES,0,1
20546,-.25414571,-.47661701,-.039028,VIETNAM VETERANS OF AMERICA,0,1
20686,-.25611621,-.49358299,-.029046001,VOLUNTEER LAWYERS FOR THE ARTS,0,1
20821,-.60561079,-.86548603,-.36088899,WASHINGTON LAWYERS' COMMITTEE FOR CIVIL RIGHTS AND URBAN AFFAIRS,0,1
20823,.42778051,.35476199,.49863401,WASHINGTON LEGAL FOUNDATION,0,1
21146,-1.8248221,-2.3857911,-1.3801351,WIDER OPPORTUNITIES FOR WOMEN,0,1
21151,-.3122198,-.53564203,-.097924002,WILDERNESS SOCIETY,0,1
21331,-2.1603899,-2.595727,-1.787604,WOMEN EMPLOYED,0,1
21356,-1.517741,-1.8919671,-1.187268,WOMEN LAWYERS ASSOCIATION OF LOS ANGELES,0,1
21368,-1.7656487,-2.2812741,-1.327396,WOMEN OF REFORM JUDAISM,0,1
21390,-1.5853972,-2.0698869,-1.136344,WOMEN'S BAR ASSOCIATION OF MASSACHUSETTS,0,1
21391,-1.4792494,-1.948835,-1.06926,WOMEN'S BAR ASSOCIATION OF THE DISTRICT OF COLUMBIA,0,1
21392,-1.2562422,-1.723685,-.85183698,WOMEN'S BAR ASSOCIATION OF THE STATE OF NEW YORK,0,1
21419,-1.4767802,-1.8764369,-1.157584,WOMEN'S EQUITY ACTION LEAGUE,0,1
21445,-2.0155764,-2.5175591,-1.5696681,WOMEN'S LAW CENTER OF MARYLAND,0,1
21447,-2.4747577,-2.9875579,-2.024507,WOMEN'S LAW PROJECT,0,1
21468,-1.30039,-1.705592,-.918136,WOMEN'S SPORTS FOUNDATION,0,1
21533,-.105493,-.34873801,.137146,"WRITERS GUILD OF AMERICA, WEST",0,1
21590,.00045190001,-.21500599,.21491,YAHOO! INC.,0,1
21650,-.67800963,-.92839998,-.45674199,YOUTH LAW CENTER,0,1
21665,-1.5693512,-2.0493469,-1.194705,YWCA OF THE U.S.A.,0,1
